Date,Raw Sacramento Trawls (SR055M SR055E SR055W SR055X),Samples Sacramento Trawls (SR055M SR055E SR055W SR055X),Index Sacramento Trawls (SR055M SR055E SR055W SR055X)
2023-07-03,0,10,0
2023-07-04,,,
2023-07-05,0,9,0
2023-07-06,,,
2023-07-07,0,10,0
2023-07-08,,,
2023-07-09,,,
2023-07-10,0,10,0
2023-07-11,,,
2023-07-12,0,10,0
2023-07-13,,,
2023-07-14,0,10,0
2023-07-15,,,
2023-07-16,,,
2023-07-17,0,10,0
2023-07-18,,,
2023-07-19,0,10,0
2023-07-20,,,
2023-07-21,0,10,0
2023-07-22,,,
2023-07-23,,,
2023-07-24,0,10,0
2023-07-25,,,
2023-07-26,0,10,0
2023-07-27,,,
2023-07-28,0,10,0
2023-07-29,,,
2023-07-30,,,
2023-07-31,,,
2023-08-01,,,
2023-08-02,,,
2023-08-03,,,
2023-08-04,,,
2023-08-05,,,
2023-08-06,,,
2023-08-07,0,10,0
2023-08-08,,,
2023-08-09,0,10,0
2023-08-10,,,
2023-08-11,0,10,0
2023-08-12,,,
2023-08-13,,,
2023-08-14,0,10,0
2023-08-15,,,
2023-08-16,0,10,0
2023-08-17,,,
2023-08-18,0,10,0
2023-08-19,,,
2023-08-20,,,
2023-08-21,0,10,0
2023-08-22,,,
2023-08-23,0,10,0
2023-08-24,,,
2023-08-25,0,10,0
2023-08-26,,,
2023-08-27,0,9,0
2023-08-28,0,10,0
2023-08-29,,,
2023-08-30,0,1,0
2023-08-31,,,
2023-09-01,0,10,0
2023-09-02,,,
2023-09-03,,,
2023-09-04,,,
2023-09-05,0,10,0
2023-09-06,0,10,0
2023-09-07,,,
2023-09-08,0,10,0
2023-09-09,,,
2023-09-10,,,
2023-09-11,0,10,0
2023-09-12,,,
2023-09-13,0,10,0
2023-09-14,,,
2023-09-15,0,10,0
2023-09-16,,,
2023-09-17,,,
2023-09-18,0,10,0
2023-09-19,,,
2023-09-20,0,2,0
2023-09-21,,,
2023-09-22,0,2,0
2023-09-23,,,
2023-09-24,,,
2023-09-25,0,10,0
2023-09-26,,,
2023-09-27,0,10,0
2023-09-28,,,
2023-09-29,0,10,0
2023-09-30,,,
2023-10-01,,,
2023-10-02,0,10,0
2023-10-03,,,
2023-10-04,0,10,0
2023-10-05,,,
2023-10-06,0,10,0
2023-10-07,,,
2023-10-08,,,
2023-10-09,,,
2023-10-10,0,10,0
2023-10-11,0,10,0
2023-10-12,,,
2023-10-13,0,10,0
2023-10-14,,,
2023-10-15,,,
2023-10-16,0,10,0
2023-10-17,,,
2023-10-18,0,10,0
2023-10-19,,,
2023-10-20,0,10,0
2023-10-21,,,
2023-10-22,,,
2023-10-23,0,10,0
2023-10-24,,,
2023-10-25,0,10,0
2023-10-26,,,
2023-10-27,0,10,0
2023-10-28,,,
2023-10-29,,,
2023-10-30,0,10,0
2023-10-31,,,
2023-11-01,0,10,0
2023-11-02,,,
2023-11-03,0,10,0
2023-11-04,,,
2023-11-05,,,
2023-11-06,0,10,0
2023-11-07,0,10,0
2023-11-08,,,
2023-11-09,0,10,0
2023-11-10,,,
2023-11-11,,,
2023-11-12,,,
2023-11-13,0,10,0
2023-11-14,0,10,0
2023-11-15,,,
2023-11-16,0,10,0
2023-11-17,,,
2023-11-18,,,
2023-11-19,,,
2023-11-20,0,10,0
2023-11-21,0,10,0
2023-11-22,0,10,0
2023-11-23,,,
2023-11-24,,,
2023-11-25,,,
2023-11-26,,,
2023-11-27,0,10,0
2023-11-28,,,
2023-11-29,0,10,0
2023-11-30,,,
2023-12-01,0,10,0
2023-12-02,,,
2023-12-03,,,
2023-12-04,0,11,0
2023-12-05,0,10,0
2023-12-06,,,
2023-12-07,0,10,0
2023-12-08,,,
2023-12-09,,,
2023-12-10,,,
2023-12-11,0,10,0
2023-12-12,,,
2023-12-13,0,10,0
2023-12-14,,,
2023-12-15,0,10,0
2023-12-16,,,
2023-12-17,,,
2023-12-18,0,10,0
2023-12-19,,,
2023-12-20,0,10,0
2023-12-21,,,
2023-12-22,,,
2023-12-23,,,
2023-12-24,,,
2023-12-25,,,
2023-12-26,,,
2023-12-27,0,10,0
2023-12-28,0,10,0
2023-12-29,1,10,1.0
2023-12-30,,,
2023-12-31,,,
2024-01-01,,,
2024-01-02,1,10,1.0
2024-01-03,9,10,9.0
2024-01-04,,,
2024-01-05,1,10,1.0
2024-01-06,,,
2024-01-07,,,
2024-01-08,0,10,0
2024-01-09,,,
2024-01-10,0,10,0
2024-01-11,,,
2024-01-12,0,10,0
2024-01-13,,,
2024-01-14,,,
2024-01-15,,,
2024-01-16,0,10,0
2024-01-17,7,10,7.0
2024-01-18,,,
2024-01-19,2,10,2.0
2024-01-20,,,
2024-01-21,,,
2024-01-22,2,10,2.0
2024-01-23,,,
2024-01-24,1,10,1.0
2024-01-25,,,
2024-01-26,1,10,1.0
2024-01-27,,,
2024-01-28,,,
2024-01-29,0,10,0
2024-01-30,0,10,0
2024-01-31,,,
2024-02-01,0,10,0
2024-02-02,3,10,3.0
2024-02-03,,,
2024-02-04,,,
2024-02-05,0,10,0
2024-02-06,1,10,1.0
2024-02-07,,,
2024-02-08,1,10,1.0
2024-02-09,0,10,0
2024-02-10,,,
2024-02-11,,,
2024-02-12,0,10,0
2024-02-13,1,10,1.0
2024-02-14,,,
2024-02-15,2,10,2.0
2024-02-16,1,10,1.0
2024-02-17,,,
2024-02-18,,,
2024-02-19,,,
2024-02-20,,,
2024-02-21,,,
2024-02-22,,,
2024-02-23,,,
2024-02-24,,,
2024-02-25,1,10,1.0
2024-02-26,0,10,0
2024-02-27,0,10,0
2024-02-28,,,
2024-02-29,0,10,0
2024-03-01,0,10,0
2024-03-02,,,
2024-03-03,0,10,0
2024-03-04,0,10,0
2024-03-05,0,10,0
2024-03-06,,,
2024-03-07,1,10,1.0
2024-03-08,1,10,1.0
2024-03-09,,,
2024-03-10,0,10,0
2024-03-11,0,10,0
2024-03-12,0,10,0
2024-03-13,,,
2024-03-14,0,10,0
2024-03-15,1,10,1.0
2024-03-16,,,
2024-03-17,0,10,0
2024-03-18,1,10,1.0
2024-03-19,0,11,0
2024-03-20,0,10,0
2024-03-21,1,10,1.0
2024-03-22,,,
2024-03-23,,,
2024-03-24,,,
2024-03-25,1,11,0.9
2024-03-26,1,10,1.0
2024-03-27,,,
2024-03-28,0,10,0
2024-03-29,1,10,1.0
2024-03-30,,,
2024-03-31,,,
2024-04-01,0,10,0
2024-04-02,0,11,0
2024-04-03,,,
2024-04-04,1,10,1.0
2024-04-05,1,10,1.0
2024-04-06,,,
2024-04-07,,,
2024-04-08,0,10,0
2024-04-09,0,10,0
2024-04-10,,,
2024-04-11,0,10,0
2024-04-12,0,10,0
2024-04-13,,,
2024-04-14,,,
2024-04-15,0,11,0
2024-04-16,0,10,0
2024-04-17,0,11,0
2024-04-18,0,10,0
2024-04-19,,,
2024-04-20,,,
2024-04-21,,,
2024-04-22,0,11,0
2024-04-23,0,10,0
2024-04-24,,,
2024-04-25,0,10,0
2024-04-26,0,10,0
2024-04-27,,,
2024-04-28,,,
2024-04-29,0,10,0
2024-04-30,0,10,0
2024-05-01,,,
2024-05-02,0,10,0
2024-05-03,0,10,0
2024-05-04,,,
2024-05-05,,,
2024-05-06,0,10,0
2024-05-07,,,
2024-05-08,0,10,0
2024-05-09,,,
2024-05-10,0,10,0
2024-05-11,,,
2024-05-12,,,
2024-05-13,0,10,0
2024-05-14,,,
2024-05-15,0,10,0
2024-05-16,0,10,0
2024-05-17,,,
2024-05-18,,,
2024-05-19,,,
2024-05-20,0,10,0
2024-05-21,,,
2024-05-22,0,11,0
2024-05-23,,,
2024-05-24,0,10,0
2024-05-25,,,
2024-05-26,,,
2024-05-27,,,
2024-05-28,0,10,0
2024-05-29,0,10,0
2024-05-30,,,
2024-05-31,0,10,0
2024-06-01,,,
2024-06-02,,,
2024-06-03,0,10,0
2024-06-04,,,
2024-06-05,0,10,0
2024-06-06,,,
2024-06-07,0,10,0
2024-06-08,,,
2024-06-09,,,
2024-06-10,0,10,0
2024-06-11,,,
2024-06-12,0,10,0
2024-06-13,,,
2024-06-14,0,10,0
2024-06-15,,,
2024-06-16,,,
2024-06-17,0,10,0
2024-06-18,0,10,0
2024-06-19,,,
2024-06-20,,,
2024-06-21,0,11,0
2024-06-22,,,
2024-06-23,,,
2024-06-24,0,10,0
2024-06-25,0,10,0
2024-06-26,0,10,0

Notes:
Generated 25 Sep 2024 11:48:42 PDT. Cohort Juvenile Monitoring www.cbr.washington.edu/sacramento/data/query_sampling_graph.html.
Preliminary data from USFWS Lodi.
Data Disclaimer: Please note these data may be subject to revision and correction.
"Citation. Columbia Basin Research, University of Washington. (2024). SacPAS Cohort Juvenile Monitoring. Available from www.cbr.washington.edu/sacramento/data/query_sampling_graph.html."
