Date,Raw Knights Landing RST
2023-09-13,0
2023-09-14,0
2023-09-15,0
2023-09-16,
2023-09-17,
2023-09-18,0
2023-09-19,0
2023-09-20,0
2023-09-21,0
2023-09-22,0
2023-09-23,
2023-09-24,
2023-09-25,0
2023-09-26,1
2023-09-27,0
2023-09-28,1
2023-09-29,0
2023-09-30,
2023-10-01,
2023-10-02,0
2023-10-03,0
2023-10-04,0
2023-10-05,0
2023-10-06,0
2023-10-07,
2023-10-08,
2023-10-09,0
2023-10-10,0
2023-10-11,0
2023-10-12,0
2023-10-13,
2023-10-14,
2023-10-15,
2023-10-16,0
2023-10-17,1
2023-10-18,0
2023-10-19,0
2023-10-20,0
2023-10-21,1
2023-10-22,0
2023-10-23,0
2023-10-24,2
2023-10-25,1
2023-10-26,1
2023-10-27,0
2023-10-28,0
2023-10-29,1
2023-10-30,0
2023-10-31,0
2023-11-01,0
2023-11-02,0
2023-11-03,0
2023-11-04,0
2023-11-05,0
2023-11-06,0
2023-11-07,0
2023-11-08,0
2023-11-09,0
2023-11-10,0
2023-11-11,0
2023-11-12,0
2023-11-13,0
2023-11-14,0
2023-11-15,0
2023-11-16,0
2023-11-17,0
2023-11-18,0
2023-11-19,0
2023-11-20,0
2023-11-21,0
2023-11-22,0
2023-11-23,0
2023-11-24,0
2023-11-25,0
2023-11-26,1
2023-11-27,0
2023-11-28,0
2023-11-29,0
2023-11-30,0
2023-12-01,0
2023-12-02,0
2023-12-03,0
2023-12-04,0
2023-12-05,0
2023-12-06,0
2023-12-07,0
2023-12-08,0
2023-12-09,2
2023-12-10,0
2023-12-11,0
2023-12-12,0
2023-12-13,0
2023-12-14,1
2023-12-15,0
2023-12-16,0
2023-12-17,0
2023-12-18,0
2023-12-19,0
2023-12-20,0
2023-12-21,1
2023-12-22,21
2023-12-23,20
2023-12-24,176
2023-12-25,118
2023-12-26,3
2023-12-27,21
2023-12-28,4
2023-12-29,3
2023-12-30,6
2023-12-31,3
2024-01-01,
2024-01-02,0
2024-01-03,4
2024-01-04,2
2024-01-05,11
2024-01-06,3
2024-01-07,11
2024-01-08,11
2024-01-09,2
2024-01-10,2
2024-01-11,0
2024-01-12,1
2024-01-13,0
2024-01-14,0
2024-01-15,
2024-01-16,0
2024-01-17,7
2024-01-18,8
2024-01-19,3
2024-01-20,5
2024-01-21,4
2024-01-22,0
2024-01-23,1
2024-01-24,0
2024-01-25,11
2024-01-26,4
2024-01-27,6
2024-01-28,4
2024-01-29,4
2024-01-30,1
2024-01-31,0
2024-02-01,0
2024-02-02,0
2024-02-03,0
2024-02-04,0
2024-02-05,0
2024-02-06,0
2024-02-07,0
2024-02-08,0
2024-02-09,0
2024-02-10,0
2024-02-11,1
2024-02-12,1
2024-02-13,1
2024-02-14,0
2024-02-15,1
2024-02-16,0
2024-02-17,0
2024-02-18,0
2024-02-19,0
2024-02-20,2
2024-02-21,0
2024-02-22,3
2024-02-23,0
2024-02-24,3
2024-02-25,0
2024-02-26,0
2024-02-27,2
2024-02-28,0
2024-02-29,1
2024-03-01,0
2024-03-02,0
2024-03-03,0
2024-03-04,1
2024-03-05,0
2024-03-06,1
2024-03-07,0
2024-03-08,5
2024-03-09,0
2024-03-10,0
2024-03-11,1
2024-03-12,0
2024-03-13,0
2024-03-14,0
2024-03-15,0
2024-03-16,0
2024-03-17,0
2024-03-18,0
2024-03-19,0
2024-03-20,0
2024-03-21,0
2024-03-22,0
2024-03-23,0
2024-03-24,0
2024-03-25,0
2024-03-26,1
2024-03-27,0
2024-03-28,0
2024-03-29,0
2024-03-30,0
2024-03-31,0
2024-04-01,0
2024-04-02,0
2024-04-03,0
2024-04-04,0
2024-04-05,0
2024-04-06,0
2024-04-07,0
2024-04-08,0
2024-04-09,0
2024-04-10,0
2024-04-11,0
2024-04-12,0
2024-04-13,0
2024-04-14,0
2024-04-15,0
2024-04-16,0
2024-04-17,0
2024-04-18,0
2024-04-19,0
2024-04-20,0
2024-04-21,0
2024-04-22,0
2024-04-23,0
2024-04-24,0
2024-04-25,0
2024-04-26,0
2024-04-27,0
2024-04-28,0
2024-04-29,0
2024-04-30,0
2024-05-01,0
2024-05-02,0
2024-05-03,0
2024-05-04,0
2024-05-05,0
2024-05-06,0
2024-05-07,0
2024-05-08,0
2024-05-09,0
2024-05-10,0
2024-05-11,0
2024-05-12,0
2024-05-13,0
2024-05-14,0
2024-05-15,0
2024-05-16,0
2024-05-17,0
2024-05-18,0
2024-05-19,0
2024-05-20,0
2024-05-21,0
2024-05-22,0
2024-05-23,0
2024-05-24,0
2024-05-25,0
2024-05-26,0
2024-05-27,0
2024-05-28,0
2024-05-29,0
2024-05-30,0
2024-05-31,0
2024-06-01,0
2024-06-02,0
2024-06-03,0
2024-06-04,0
2024-06-05,0
2024-06-06,0

Notes:
Generated 25 Sep 2024 11:48:10 PDT. Cohort Juvenile Monitoring www.cbr.washington.edu/sacramento/data/query_sampling_graph.html.
Based on Daily Sampling. Preliminary data from CDFW via CalFish.
Data Disclaimer: Please note these data may be subject to revision and correction.
"Citation. Columbia Basin Research, University of Washington. (2024). SacPAS Cohort Juvenile Monitoring. Available from www.cbr.washington.edu/sacramento/data/query_sampling_graph.html."
